Epoch 1/50, Loss: 312.8132, Val Acc: 0.2882
Epoch 2/50, Loss: 312.5901, Val Acc: 0.3264
Epoch 3/50, Loss: 312.6269, Val Acc: 0.3400
Epoch 4/50, Loss: 312.3278, Val Acc: 0.3762
Epoch 5/50, Loss: 312.5562, Val Acc: 0.3920
Epoch 6/50, Loss: 311.9240, Val Acc: 0.3936
Epoch 7/50, Loss: 312.3556, Val Acc: 0.4076
Epoch 8/50, Loss: 312.4407, Val Acc: 0.3882
Epoch 9/50, Loss: 312.1083, Val Acc: 0.4126
Epoch 10/50, Loss: 312.3536, Val Acc: 0.4096
Epoch 11/50, Loss: 312.1468, Val Acc: 0.4152
Epoch 12/50, Loss: 312.4397, Val Acc: 0.3834
Epoch 13/50, Loss: 312.2134, Val Acc: 0.3952
Epoch 14/50, Loss: 312.4477, Val Acc: 0.4404
Epoch 15/50, Loss: 312.7295, Val Acc: 0.4348
Epoch 16/50, Loss: 312.1798, Val Acc: 0.3964
Epoch 17/50, Loss: 311.9719, Val Acc: 0.4580
Epoch 18/50, Loss: 312.5278, Val Acc: 0.4360
Epoch 19/50, Loss: 312.0807, Val Acc: 0.4270
Epoch 20/50, Loss: 313.2184, Val Acc: 0.3804
Epoch 21/50, Loss: 312.5039, Val Acc: 0.4902
Epoch 22/50, Loss: 312.4546, Val Acc: 0.4892
Epoch 23/50, Loss: 312.5890, Val Acc: 0.4944
Epoch 24/50, Loss: 311.6659, Val Acc: 0.4940
Epoch 25/50, Loss: 311.9302, Val Acc: 0.4948
Epoch 26/50, Loss: 312.7926, Val Acc: 0.4930
Epoch 27/50, Loss: 312.0406, Val Acc: 0.4914
Epoch 28/50, Loss: 312.1416, Val Acc: 0.4934
Epoch 29/50, Loss: 313.0961, Val Acc: 0.4918
Epoch 30/50, Loss: 312.9848, Val Acc: 0.4960
Epoch 31/50, Loss: 311.8945, Val Acc: 0.4944
Epoch 32/50, Loss: 312.0737, Val Acc: 0.4948
Epoch 33/50, Loss: 312.2235, Val Acc: 0.4984
Epoch 34/50, Loss: 312.3299, Val Acc: 0.4962
Epoch 35/50, Loss: 312.1987, Val Acc: 0.4956
Epoch 36/50, Loss: 312.0728, Val Acc: 0.4972
Epoch 37/50, Loss: 312.6956, Val Acc: 0.4978
Epoch 38/50, Loss: 311.6607, Val Acc: 0.4966
Epoch 39/50, Loss: 312.2517, Val Acc: 0.4974
Epoch 40/50, Loss: 311.7210, Val Acc: 0.4966
Epoch 41/50, Loss: 312.5066, Val Acc: 0.4986
Epoch 42/50, Loss: 312.3278, Val Acc: 0.4986
Epoch 43/50, Loss: 311.8335, Val Acc: 0.4982
Epoch 44/50, Loss: 312.3397, Val Acc: 0.4990
Epoch 45/50, Loss: 311.9083, Val Acc: 0.5000
Epoch 46/50, Loss: 312.2234, Val Acc: 0.5002
Epoch 47/50, Loss: 312.5630, Val Acc: 0.4998
Epoch 48/50, Loss: 311.8855, Val Acc: 0.5006
Epoch 49/50, Loss: 311.9186, Val Acc: 0.4982
Epoch 50/50, Loss: 312.1469, Val Acc: 0.4986
Epoch 1/50, Loss: 313.1370, Val Acc: 0.3032
Epoch 2/50, Loss: 312.9929, Val Acc: 0.3068
Epoch 3/50, Loss: 312.4296, Val Acc: 0.3408
Epoch 4/50, Loss: 312.6081, Val Acc: 0.3382
Epoch 5/50, Loss: 312.6639, Val Acc: 0.3834
Epoch 6/50, Loss: 313.1828, Val Acc: 0.3824
Epoch 7/50, Loss: 312.9629, Val Acc: 0.3448
Epoch 8/50, Loss: 312.6685, Val Acc: 0.3706
Epoch 9/50, Loss: 312.1801, Val Acc: 0.3878
Epoch 10/50, Loss: 312.8045, Val Acc: 0.3336
Epoch 11/50, Loss: 311.7352, Val Acc: 0.4174
Epoch 12/50, Loss: 312.6685, Val Acc: 0.3642
Epoch 13/50, Loss: 312.1065, Val Acc: 0.4326
Epoch 14/50, Loss: 312.5504, Val Acc: 0.4142
Epoch 15/50, Loss: 312.3346, Val Acc: 0.3368
Epoch 16/50, Loss: 312.2798, Val Acc: 0.4572
Epoch 17/50, Loss: 312.2629, Val Acc: 0.4720
Epoch 18/50, Loss: 312.9072, Val Acc: 0.4382
Epoch 19/50, Loss: 311.9929, Val Acc: 0.4478
Epoch 20/50, Loss: 312.2984, Val Acc: 0.4498
Epoch 21/50, Loss: 312.3323, Val Acc: 0.4910
Epoch 22/50, Loss: 312.1287, Val Acc: 0.4890
Epoch 23/50, Loss: 312.0048, Val Acc: 0.4908
Epoch 24/50, Loss: 312.4488, Val Acc: 0.4948
Epoch 25/50, Loss: 312.5666, Val Acc: 0.4910
Epoch 26/50, Loss: 312.8062, Val Acc: 0.4958
Epoch 27/50, Loss: 312.1085, Val Acc: 0.4928
Epoch 28/50, Loss: 312.3363, Val Acc: 0.4906
Epoch 29/50, Loss: 312.4080, Val Acc: 0.4930
Epoch 30/50, Loss: 311.9554, Val Acc: 0.4960
Epoch 31/50, Loss: 312.6002, Val Acc: 0.4938
Epoch 32/50, Loss: 312.3031, Val Acc: 0.4942
Epoch 33/50, Loss: 312.2537, Val Acc: 0.4948
Epoch 34/50, Loss: 312.3082, Val Acc: 0.4928
Epoch 35/50, Loss: 312.2217, Val Acc: 0.4934
Epoch 36/50, Loss: 312.5443, Val Acc: 0.4918
Epoch 37/50, Loss: 312.9325, Val Acc: 0.4920
Epoch 38/50, Loss: 313.0567, Val Acc: 0.4962
Epoch 39/50, Loss: 312.8024, Val Acc: 0.4992
Epoch 40/50, Loss: 312.0208, Val Acc: 0.4976
Epoch 41/50, Loss: 311.9797, Val Acc: 0.4992
Epoch 42/50, Loss: 312.4722, Val Acc: 0.4986
Epoch 43/50, Loss: 312.0825, Val Acc: 0.4994
Epoch 44/50, Loss: 312.1423, Val Acc: 0.4996
Epoch 45/50, Loss: 312.6996, Val Acc: 0.4984
Epoch 46/50, Loss: 312.5606, Val Acc: 0.4984
Epoch 47/50, Loss: 312.2855, Val Acc: 0.4994
Epoch 48/50, Loss: 311.8522, Val Acc: 0.4980
Epoch 49/50, Loss: 311.9843, Val Acc: 0.4994
Epoch 50/50, Loss: 312.4512, Val Acc: 0.4994
Epoch 1/50, Loss: 313.6355, Val Acc: 0.3034
Epoch 2/50, Loss: 314.0849, Val Acc: 0.2904
Epoch 3/50, Loss: 313.0974, Val Acc: 0.3478
Epoch 4/50, Loss: 313.0459, Val Acc: 0.3284
Epoch 5/50, Loss: 312.9077, Val Acc: 0.3412
Epoch 6/50, Loss: 313.5408, Val Acc: 0.3788
Epoch 7/50, Loss: 312.6042, Val Acc: 0.3750
Epoch 8/50, Loss: 313.0800, Val Acc: 0.3936
Epoch 9/50, Loss: 313.1182, Val Acc: 0.3868
Epoch 10/50, Loss: 312.7834, Val Acc: 0.4012
Epoch 11/50, Loss: 313.0135, Val Acc: 0.2642
Epoch 12/50, Loss: 313.1000, Val Acc: 0.4326
Epoch 13/50, Loss: 313.1291, Val Acc: 0.4178
Epoch 14/50, Loss: 312.7431, Val Acc: 0.3794
Epoch 15/50, Loss: 312.6145, Val Acc: 0.4216
Epoch 16/50, Loss: 312.2605, Val Acc: 0.4318
Epoch 17/50, Loss: 312.8435, Val Acc: 0.3996
Epoch 18/50, Loss: 313.1111, Val Acc: 0.3808
Epoch 19/50, Loss: 312.3209, Val Acc: 0.4094
Epoch 20/50, Loss: 312.3537, Val Acc: 0.4218
Epoch 21/50, Loss: 312.2705, Val Acc: 0.4654
Epoch 22/50, Loss: 312.5543, Val Acc: 0.4648
Epoch 23/50, Loss: 312.3231, Val Acc: 0.4640
Epoch 24/50, Loss: 313.1525, Val Acc: 0.4690
Epoch 25/50, Loss: 312.8413, Val Acc: 0.4658
Epoch 26/50, Loss: 312.8029, Val Acc: 0.4668
Epoch 27/50, Loss: 312.7989, Val Acc: 0.4680
Epoch 28/50, Loss: 312.8110, Val Acc: 0.4678
Epoch 29/50, Loss: 312.7580, Val Acc: 0.4664
Epoch 30/50, Loss: 312.6605, Val Acc: 0.4690
Epoch 31/50, Loss: 312.5116, Val Acc: 0.4682
Epoch 32/50, Loss: 313.1363, Val Acc: 0.4678
Epoch 33/50, Loss: 312.7366, Val Acc: 0.4704
Epoch 34/50, Loss: 312.2629, Val Acc: 0.4676
Epoch 35/50, Loss: 312.8169, Val Acc: 0.4646
Epoch 36/50, Loss: 312.4662, Val Acc: 0.4692
Epoch 37/50, Loss: 312.2181, Val Acc: 0.4692
Epoch 38/50, Loss: 312.5911, Val Acc: 0.4684
Epoch 39/50, Loss: 312.6903, Val Acc: 0.4700
Epoch 40/50, Loss: 312.4253, Val Acc: 0.4698
Epoch 41/50, Loss: 312.3934, Val Acc: 0.4704
Epoch 42/50, Loss: 312.6187, Val Acc: 0.4700
Epoch 43/50, Loss: 313.0824, Val Acc: 0.4702
Epoch 44/50, Loss: 312.3184, Val Acc: 0.4702
Epoch 45/50, Loss: 312.5313, Val Acc: 0.4710
Epoch 46/50, Loss: 312.8260, Val Acc: 0.4686
Epoch 47/50, Loss: 312.4247, Val Acc: 0.4702
Epoch 48/50, Loss: 311.9835, Val Acc: 0.4704
Epoch 49/50, Loss: 312.5280, Val Acc: 0.4698
Epoch 50/50, Loss: 312.1512, Val Acc: 0.4696
Epoch 1/50, Loss: 312.5746, Val Acc: 0.2510
Epoch 2/50, Loss: 312.5007, Val Acc: 0.2280
Epoch 3/50, Loss: 313.1907, Val Acc: 0.3262
Epoch 4/50, Loss: 313.0668, Val Acc: 0.2680
Epoch 5/50, Loss: 312.7022, Val Acc: 0.3026
Epoch 6/50, Loss: 312.5272, Val Acc: 0.3226
Epoch 7/50, Loss: 312.6489, Val Acc: 0.2336
Epoch 8/50, Loss: 311.4863, Val Acc: 0.3260
Epoch 9/50, Loss: 312.2443, Val Acc: 0.2966
Epoch 10/50, Loss: 312.2670, Val Acc: 0.3004
Epoch 11/50, Loss: 311.8757, Val Acc: 0.4518
Epoch 12/50, Loss: 311.3249, Val Acc: 0.4096
Epoch 13/50, Loss: 312.6657, Val Acc: 0.3480
Epoch 14/50, Loss: 313.5530, Val Acc: 0.2712
Epoch 15/50, Loss: 312.6269, Val Acc: 0.3336
Epoch 16/50, Loss: 312.0997, Val Acc: 0.3980
Epoch 17/50, Loss: 311.4827, Val Acc: 0.4332
Epoch 18/50, Loss: 312.3280, Val Acc: 0.3690
Epoch 19/50, Loss: 312.6671, Val Acc: 0.3342
Epoch 20/50, Loss: 311.8777, Val Acc: 0.4336
Epoch 21/50, Loss: 312.1866, Val Acc: 0.5230
Epoch 22/50, Loss: 312.1487, Val Acc: 0.5272
Epoch 23/50, Loss: 312.0009, Val Acc: 0.5270
Epoch 24/50, Loss: 311.4841, Val Acc: 0.5284
Epoch 25/50, Loss: 312.2022, Val Acc: 0.5252
Epoch 26/50, Loss: 312.2915, Val Acc: 0.5164
Epoch 27/50, Loss: 311.7805, Val Acc: 0.5254
Epoch 28/50, Loss: 312.1309, Val Acc: 0.5276
Epoch 29/50, Loss: 312.5740, Val Acc: 0.5140
Epoch 30/50, Loss: 311.9312, Val Acc: 0.5278
Epoch 31/50, Loss: 311.9006, Val Acc: 0.5258
Epoch 32/50, Loss: 312.3850, Val Acc: 0.5262
Epoch 33/50, Loss: 311.9780, Val Acc: 0.5302
Epoch 34/50, Loss: 311.8124, Val Acc: 0.5296
Epoch 35/50, Loss: 311.9618, Val Acc: 0.5246
Epoch 36/50, Loss: 312.3129, Val Acc: 0.5238
Epoch 37/50, Loss: 312.0176, Val Acc: 0.5324
Epoch 38/50, Loss: 312.0363, Val Acc: 0.5204
Epoch 39/50, Loss: 311.7259, Val Acc: 0.5214
Epoch 40/50, Loss: 311.8630, Val Acc: 0.5370
Epoch 41/50, Loss: 312.1104, Val Acc: 0.5366
Epoch 42/50, Loss: 312.4890, Val Acc: 0.5364
Epoch 43/50, Loss: 312.1023, Val Acc: 0.5356
Epoch 44/50, Loss: 311.8912, Val Acc: 0.5364
Epoch 45/50, Loss: 312.0893, Val Acc: 0.5360
Epoch 46/50, Loss: 311.4986, Val Acc: 0.5356
Epoch 47/50, Loss: 311.6820, Val Acc: 0.5366
Epoch 48/50, Loss: 311.5039, Val Acc: 0.5370
Epoch 49/50, Loss: 312.5473, Val Acc: 0.5324
Epoch 50/50, Loss: 311.7051, Val Acc: 0.5378
Epoch 1/50, Loss: 312.7037, Val Acc: 0.2232
Epoch 2/50, Loss: 312.4648, Val Acc: 0.1670
Epoch 3/50, Loss: 312.4276, Val Acc: 0.3620
Epoch 4/50, Loss: 312.8710, Val Acc: 0.2734
Epoch 5/50, Loss: 312.5757, Val Acc: 0.2806
Epoch 6/50, Loss: 312.5362, Val Acc: 0.2644
Epoch 7/50, Loss: 312.3011, Val Acc: 0.3648
Epoch 8/50, Loss: 312.6323, Val Acc: 0.3118
Epoch 9/50, Loss: 312.3188, Val Acc: 0.2478
Epoch 10/50, Loss: 312.3958, Val Acc: 0.4000
Epoch 11/50, Loss: 312.3496, Val Acc: 0.3444
Epoch 12/50, Loss: 313.2343, Val Acc: 0.2700
Epoch 13/50, Loss: 312.0600, Val Acc: 0.3182
Epoch 14/50, Loss: 312.5538, Val Acc: 0.4018
Epoch 15/50, Loss: 312.1915, Val Acc: 0.2996
Epoch 16/50, Loss: 313.0381, Val Acc: 0.2918
Epoch 17/50, Loss: 311.8979, Val Acc: 0.4156
Epoch 18/50, Loss: 312.0974, Val Acc: 0.3782
Epoch 19/50, Loss: 312.4573, Val Acc: 0.3884
Epoch 20/50, Loss: 313.1742, Val Acc: 0.2992
Epoch 21/50, Loss: 311.9193, Val Acc: 0.5254
Epoch 22/50, Loss: 312.1260, Val Acc: 0.5192
Epoch 23/50, Loss: 311.9712, Val Acc: 0.5270
Epoch 24/50, Loss: 311.8143, Val Acc: 0.5280
Epoch 25/50, Loss: 312.1365, Val Acc: 0.5270
Epoch 26/50, Loss: 312.3814, Val Acc: 0.5266
Epoch 27/50, Loss: 312.4634, Val Acc: 0.5354
Epoch 28/50, Loss: 312.1325, Val Acc: 0.5284
Epoch 29/50, Loss: 311.6892, Val Acc: 0.5262
Epoch 30/50, Loss: 312.2145, Val Acc: 0.5152
Epoch 31/50, Loss: 313.1695, Val Acc: 0.5014
Epoch 32/50, Loss: 312.0651, Val Acc: 0.5050
Epoch 33/50, Loss: 312.2309, Val Acc: 0.5232
Epoch 34/50, Loss: 312.2041, Val Acc: 0.5276
Epoch 35/50, Loss: 312.3275, Val Acc: 0.5176
Epoch 36/50, Loss: 312.1706, Val Acc: 0.5168
Epoch 37/50, Loss: 311.7578, Val Acc: 0.5324
Epoch 38/50, Loss: 312.2071, Val Acc: 0.5098
Epoch 39/50, Loss: 312.1216, Val Acc: 0.5238
Epoch 40/50, Loss: 312.7387, Val Acc: 0.5136
Epoch 41/50, Loss: 312.3630, Val Acc: 0.5412
Epoch 42/50, Loss: 312.0038, Val Acc: 0.5388
Epoch 43/50, Loss: 312.1354, Val Acc: 0.5430
Epoch 44/50, Loss: 311.8548, Val Acc: 0.5426
Epoch 45/50, Loss: 311.8169, Val Acc: 0.5422
Epoch 46/50, Loss: 311.8119, Val Acc: 0.5438
Epoch 47/50, Loss: 311.4337, Val Acc: 0.5444
Epoch 48/50, Loss: 311.6942, Val Acc: 0.5440
Epoch 49/50, Loss: 311.7387, Val Acc: 0.5448
Epoch 50/50, Loss: 311.8316, Val Acc: 0.5468
Epoch 1/50, Loss: 313.1646, Val Acc: 0.2528
Epoch 2/50, Loss: 313.2261, Val Acc: 0.2788
Epoch 3/50, Loss: 312.8793, Val Acc: 0.3584
Epoch 4/50, Loss: 312.2943, Val Acc: 0.2592
Epoch 5/50, Loss: 312.8946, Val Acc: 0.1898
Epoch 6/50, Loss: 312.8967, Val Acc: 0.2244
Epoch 7/50, Loss: 312.6115, Val Acc: 0.3290
Epoch 8/50, Loss: 312.7853, Val Acc: 0.3048
Epoch 9/50, Loss: 312.6716, Val Acc: 0.2182
Epoch 10/50, Loss: 312.7608, Val Acc: 0.2080
Epoch 11/50, Loss: 312.8155, Val Acc: 0.2080
Epoch 12/50, Loss: 313.0520, Val Acc: 0.3342
Epoch 13/50, Loss: 313.5591, Val Acc: 0.2054
Epoch 14/50, Loss: 313.2584, Val Acc: 0.2544
Epoch 15/50, Loss: 312.8355, Val Acc: 0.2764
Epoch 16/50, Loss: 313.7029, Val Acc: 0.1236
Epoch 17/50, Loss: 312.5456, Val Acc: 0.2744
Epoch 18/50, Loss: 313.2344, Val Acc: 0.2464
Epoch 19/50, Loss: 312.9404, Val Acc: 0.3194
Epoch 20/50, Loss: 312.3362, Val Acc: 0.2574
Epoch 21/50, Loss: 312.7972, Val Acc: 0.4418
Epoch 22/50, Loss: 312.5881, Val Acc: 0.4360
Epoch 23/50, Loss: 312.8315, Val Acc: 0.4516
Epoch 24/50, Loss: 312.6302, Val Acc: 0.4420
Epoch 25/50, Loss: 312.0833, Val Acc: 0.4660
Epoch 26/50, Loss: 312.6387, Val Acc: 0.4326
Epoch 27/50, Loss: 311.9200, Val Acc: 0.4518
Epoch 28/50, Loss: 311.8556, Val Acc: 0.4508
Epoch 29/50, Loss: 312.5913, Val Acc: 0.4284
Epoch 30/50, Loss: 312.4116, Val Acc: 0.4088
Epoch 31/50, Loss: 312.0543, Val Acc: 0.4536
Epoch 32/50, Loss: 312.3491, Val Acc: 0.4390
Epoch 33/50, Loss: 312.4833, Val Acc: 0.4594
Epoch 34/50, Loss: 312.3215, Val Acc: 0.4514
Epoch 35/50, Loss: 312.5715, Val Acc: 0.4376
Epoch 36/50, Loss: 312.8552, Val Acc: 0.4072
Epoch 37/50, Loss: 312.3123, Val Acc: 0.4058
Epoch 38/50, Loss: 312.5061, Val Acc: 0.4394
Epoch 39/50, Loss: 312.4580, Val Acc: 0.4594
Epoch 40/50, Loss: 312.2271, Val Acc: 0.4616
Epoch 41/50, Loss: 312.8304, Val Acc: 0.4808
Epoch 42/50, Loss: 312.2184, Val Acc: 0.4854
Epoch 43/50, Loss: 312.7140, Val Acc: 0.4838
Epoch 44/50, Loss: 312.5223, Val Acc: 0.4846
Epoch 45/50, Loss: 312.5249, Val Acc: 0.4828
Epoch 46/50, Loss: 312.2177, Val Acc: 0.4830
Epoch 47/50, Loss: 313.3426, Val Acc: 0.4862
Epoch 48/50, Loss: 312.4187, Val Acc: 0.4842
Epoch 49/50, Loss: 312.3409, Val Acc: 0.4824
Epoch 50/50, Loss: 311.8739, Val Acc: 0.4822
Epoch 1/50, Loss: 313.1673, Val Acc: 0.1286
Epoch 2/50, Loss: 313.1449, Val Acc: 0.1272
Epoch 3/50, Loss: 313.1824, Val Acc: 0.1286
Epoch 4/50, Loss: 313.1233, Val Acc: 0.1298
Epoch 5/50, Loss: 313.1024, Val Acc: 0.1270
Epoch 6/50, Loss: 313.1409, Val Acc: 0.1278
Epoch 7/50, Loss: 313.1601, Val Acc: 0.1298
Epoch 8/50, Loss: 313.1204, Val Acc: 0.1302
Epoch 9/50, Loss: 313.1665, Val Acc: 0.1330
Epoch 10/50, Loss: 313.1613, Val Acc: 0.1358
Epoch 11/50, Loss: 313.1439, Val Acc: 0.1394
Epoch 12/50, Loss: 313.1416, Val Acc: 0.1422
Epoch 13/50, Loss: 313.0757, Val Acc: 0.1474
Epoch 14/50, Loss: 313.1748, Val Acc: 0.1552
Epoch 15/50, Loss: 313.1225, Val Acc: 0.1650
Epoch 16/50, Loss: 313.0594, Val Acc: 0.1740
Epoch 17/50, Loss: 312.9502, Val Acc: 0.1838
Epoch 18/50, Loss: 313.0672, Val Acc: 0.1904
Epoch 19/50, Loss: 312.9978, Val Acc: 0.1966
Epoch 20/50, Loss: 313.0701, Val Acc: 0.2018
Epoch 21/50, Loss: 313.0239, Val Acc: 0.2018
Epoch 22/50, Loss: 313.1314, Val Acc: 0.2022
Epoch 23/50, Loss: 313.0561, Val Acc: 0.2022
Epoch 24/50, Loss: 313.0536, Val Acc: 0.2030
Epoch 25/50, Loss: 313.1311, Val Acc: 0.2032
Epoch 26/50, Loss: 312.9619, Val Acc: 0.2038
Epoch 27/50, Loss: 313.1371, Val Acc: 0.2042
Epoch 28/50, Loss: 313.0273, Val Acc: 0.2036
Epoch 29/50, Loss: 313.0607, Val Acc: 0.2042
Epoch 30/50, Loss: 313.0485, Val Acc: 0.2050
Epoch 31/50, Loss: 313.0757, Val Acc: 0.2054
Epoch 32/50, Loss: 313.1222, Val Acc: 0.2062
Epoch 33/50, Loss: 313.1986, Val Acc: 0.2068
Epoch 34/50, Loss: 313.1127, Val Acc: 0.2088
Epoch 35/50, Loss: 313.1024, Val Acc: 0.2092
Epoch 36/50, Loss: 312.9653, Val Acc: 0.2092
Epoch 37/50, Loss: 312.8838, Val Acc: 0.2100
Epoch 38/50, Loss: 313.1538, Val Acc: 0.2104
Epoch 39/50, Loss: 313.0538, Val Acc: 0.2108
Epoch 40/50, Loss: 313.0290, Val Acc: 0.2112
Epoch 41/50, Loss: 313.0994, Val Acc: 0.2112
Epoch 42/50, Loss: 313.0907, Val Acc: 0.2112
Epoch 43/50, Loss: 313.0186, Val Acc: 0.2114
Epoch 44/50, Loss: 312.9892, Val Acc: 0.2114
Epoch 45/50, Loss: 313.0912, Val Acc: 0.2114
Epoch 46/50, Loss: 313.1022, Val Acc: 0.2116
Epoch 47/50, Loss: 313.1619, Val Acc: 0.2118
Epoch 48/50, Loss: 313.1026, Val Acc: 0.2118
Epoch 49/50, Loss: 313.0883, Val Acc: 0.2118
Epoch 50/50, Loss: 313.0624, Val Acc: 0.2118
Epoch 1/50, Loss: 313.2842, Val Acc: 0.0912
Epoch 2/50, Loss: 313.2972, Val Acc: 0.1182
Epoch 3/50, Loss: 313.2566, Val Acc: 0.1150
Epoch 4/50, Loss: 313.2745, Val Acc: 0.1110
Epoch 5/50, Loss: 313.2882, Val Acc: 0.1136
Epoch 6/50, Loss: 313.2827, Val Acc: 0.1156
Epoch 7/50, Loss: 313.3056, Val Acc: 0.1214
Epoch 8/50, Loss: 313.2844, Val Acc: 0.1270
Epoch 9/50, Loss: 313.2341, Val Acc: 0.1332
Epoch 10/50, Loss: 313.1985, Val Acc: 0.1406
Epoch 11/50, Loss: 313.2539, Val Acc: 0.1516
Epoch 12/50, Loss: 313.1902, Val Acc: 0.1568
Epoch 13/50, Loss: 313.2127, Val Acc: 0.1642
Epoch 14/50, Loss: 313.2391, Val Acc: 0.1724
Epoch 15/50, Loss: 313.1750, Val Acc: 0.1794
Epoch 16/50, Loss: 313.2024, Val Acc: 0.1824
Epoch 17/50, Loss: 313.1889, Val Acc: 0.1912
Epoch 18/50, Loss: 313.2190, Val Acc: 0.1948
Epoch 19/50, Loss: 313.1454, Val Acc: 0.2010
Epoch 20/50, Loss: 313.1862, Val Acc: 0.2038
Epoch 21/50, Loss: 313.1796, Val Acc: 0.2044
Epoch 22/50, Loss: 313.2207, Val Acc: 0.2048
Epoch 23/50, Loss: 313.2409, Val Acc: 0.2062
Epoch 24/50, Loss: 313.2847, Val Acc: 0.2072
Epoch 25/50, Loss: 313.2177, Val Acc: 0.2078
Epoch 26/50, Loss: 313.2204, Val Acc: 0.2080
Epoch 27/50, Loss: 313.0701, Val Acc: 0.2082
Epoch 28/50, Loss: 313.1306, Val Acc: 0.2088
Epoch 29/50, Loss: 313.1445, Val Acc: 0.2096
Epoch 30/50, Loss: 313.2428, Val Acc: 0.2098
Epoch 31/50, Loss: 313.1184, Val Acc: 0.2110
Epoch 32/50, Loss: 313.1658, Val Acc: 0.2116
Epoch 33/50, Loss: 313.2273, Val Acc: 0.2122
Epoch 34/50, Loss: 313.2177, Val Acc: 0.2132
Epoch 35/50, Loss: 313.1507, Val Acc: 0.2132
Epoch 36/50, Loss: 313.1473, Val Acc: 0.2138
Epoch 37/50, Loss: 313.1858, Val Acc: 0.2144
Epoch 38/50, Loss: 313.1906, Val Acc: 0.2152
Epoch 39/50, Loss: 313.1918, Val Acc: 0.2160
Epoch 40/50, Loss: 313.1871, Val Acc: 0.2162
Epoch 41/50, Loss: 313.2256, Val Acc: 0.2164
Epoch 42/50, Loss: 313.1047, Val Acc: 0.2164
Epoch 43/50, Loss: 313.1061, Val Acc: 0.2164
Epoch 44/50, Loss: 313.1459, Val Acc: 0.2164
Epoch 45/50, Loss: 313.2689, Val Acc: 0.2164
Epoch 46/50, Loss: 313.2619, Val Acc: 0.2168
Epoch 47/50, Loss: 313.1450, Val Acc: 0.2170
Epoch 48/50, Loss: 313.1418, Val Acc: 0.2170
Epoch 49/50, Loss: 313.1886, Val Acc: 0.2170
Epoch 50/50, Loss: 313.1026, Val Acc: 0.2170
Epoch 1/50, Loss: 314.4397, Val Acc: 0.1410
Epoch 2/50, Loss: 314.4009, Val Acc: 0.1348
Epoch 3/50, Loss: 314.4287, Val Acc: 0.1268
Epoch 4/50, Loss: 314.4273, Val Acc: 0.1280
Epoch 5/50, Loss: 314.3876, Val Acc: 0.1234
Epoch 6/50, Loss: 314.4283, Val Acc: 0.1214
Epoch 7/50, Loss: 314.3891, Val Acc: 0.1214
Epoch 8/50, Loss: 314.3891, Val Acc: 0.1242
Epoch 9/50, Loss: 314.3679, Val Acc: 0.1284
Epoch 10/50, Loss: 314.3979, Val Acc: 0.1336
Epoch 11/50, Loss: 314.3397, Val Acc: 0.1384
Epoch 12/50, Loss: 314.4512, Val Acc: 0.1482
Epoch 13/50, Loss: 314.3243, Val Acc: 0.1526
Epoch 14/50, Loss: 314.3357, Val Acc: 0.1586
Epoch 15/50, Loss: 314.3703, Val Acc: 0.1688
Epoch 16/50, Loss: 314.3567, Val Acc: 0.1752
Epoch 17/50, Loss: 314.2911, Val Acc: 0.1846
Epoch 18/50, Loss: 314.3174, Val Acc: 0.1908
Epoch 19/50, Loss: 314.3867, Val Acc: 0.1940
Epoch 20/50, Loss: 314.3046, Val Acc: 0.1998
Epoch 21/50, Loss: 314.3722, Val Acc: 0.2006
Epoch 22/50, Loss: 314.2911, Val Acc: 0.2008
Epoch 23/50, Loss: 314.3253, Val Acc: 0.2010
Epoch 24/50, Loss: 314.3657, Val Acc: 0.2014
Epoch 25/50, Loss: 314.3744, Val Acc: 0.2016
Epoch 26/50, Loss: 314.2267, Val Acc: 0.2018
Epoch 27/50, Loss: 314.3398, Val Acc: 0.2016
Epoch 28/50, Loss: 314.3050, Val Acc: 0.2014
Epoch 29/50, Loss: 314.3077, Val Acc: 0.2022
Epoch 30/50, Loss: 314.4221, Val Acc: 0.2038
Epoch 31/50, Loss: 314.2794, Val Acc: 0.2038
Epoch 32/50, Loss: 314.2787, Val Acc: 0.2040
Epoch 33/50, Loss: 314.4780, Val Acc: 0.2046
Epoch 34/50, Loss: 314.3323, Val Acc: 0.2054
Epoch 35/50, Loss: 314.2987, Val Acc: 0.2060
Epoch 36/50, Loss: 314.2403, Val Acc: 0.2066
Epoch 37/50, Loss: 314.3380, Val Acc: 0.2064
Epoch 38/50, Loss: 314.3488, Val Acc: 0.2072
Epoch 39/50, Loss: 314.3272, Val Acc: 0.2082
Epoch 40/50, Loss: 314.3203, Val Acc: 0.2088
Epoch 41/50, Loss: 314.3620, Val Acc: 0.2088
Epoch 42/50, Loss: 314.3253, Val Acc: 0.2090
Epoch 43/50, Loss: 314.3428, Val Acc: 0.2088
Epoch 44/50, Loss: 314.2698, Val Acc: 0.2088
Epoch 45/50, Loss: 314.3158, Val Acc: 0.2090
Epoch 46/50, Loss: 314.3846, Val Acc: 0.2090
Epoch 47/50, Loss: 314.3388, Val Acc: 0.2090
Epoch 48/50, Loss: 314.3522, Val Acc: 0.2090
Epoch 49/50, Loss: 314.3227, Val Acc: 0.2092
Epoch 50/50, Loss: 314.2347, Val Acc: 0.2094
Epoch 1/50, Loss: 312.8059, Val Acc: 0.2178
Epoch 2/50, Loss: 312.8022, Val Acc: 0.3374
Epoch 3/50, Loss: 312.6202, Val Acc: 0.3772
Epoch 4/50, Loss: 312.6082, Val Acc: 0.3482
Epoch 5/50, Loss: 312.7150, Val Acc: 0.3750
Epoch 6/50, Loss: 312.5283, Val Acc: 0.4108
Epoch 7/50, Loss: 312.4429, Val Acc: 0.3324
Epoch 8/50, Loss: 312.3450, Val Acc: 0.4144
Epoch 9/50, Loss: 312.3432, Val Acc: 0.3862
Epoch 10/50, Loss: 312.2678, Val Acc: 0.4372
Epoch 11/50, Loss: 312.6080, Val Acc: 0.3806
Epoch 12/50, Loss: 312.3520, Val Acc: 0.4278
Epoch 13/50, Loss: 312.5952, Val Acc: 0.4154
Epoch 14/50, Loss: 311.7092, Val Acc: 0.4322
Epoch 15/50, Loss: 312.2123, Val Acc: 0.4274
Epoch 16/50, Loss: 312.6824, Val Acc: 0.4162
Epoch 17/50, Loss: 312.2655, Val Acc: 0.4426
Epoch 18/50, Loss: 312.3386, Val Acc: 0.4520
Epoch 19/50, Loss: 312.2167, Val Acc: 0.3850
Epoch 20/50, Loss: 312.9049, Val Acc: 0.3914
Epoch 21/50, Loss: 312.6446, Val Acc: 0.4908
Epoch 22/50, Loss: 311.8931, Val Acc: 0.4956
Epoch 23/50, Loss: 312.1861, Val Acc: 0.4964
Epoch 24/50, Loss: 312.6207, Val Acc: 0.4960
Epoch 25/50, Loss: 312.1586, Val Acc: 0.5002
Epoch 26/50, Loss: 312.3847, Val Acc: 0.4968
Epoch 27/50, Loss: 312.9365, Val Acc: 0.4978
Epoch 28/50, Loss: 312.2142, Val Acc: 0.5014
Epoch 29/50, Loss: 312.0369, Val Acc: 0.5000
Epoch 30/50, Loss: 312.7583, Val Acc: 0.5014
Epoch 31/50, Loss: 312.3289, Val Acc: 0.5008
Epoch 32/50, Loss: 311.7256, Val Acc: 0.5038
Epoch 33/50, Loss: 312.2223, Val Acc: 0.5000
Epoch 34/50, Loss: 312.9196, Val Acc: 0.5008
Epoch 35/50, Loss: 312.6145, Val Acc: 0.5018
Epoch 36/50, Loss: 312.2505, Val Acc: 0.5032
Epoch 37/50, Loss: 312.7595, Val Acc: 0.5018
Epoch 38/50, Loss: 311.8279, Val Acc: 0.4996
Epoch 39/50, Loss: 312.1494, Val Acc: 0.5038
Epoch 40/50, Loss: 312.4605, Val Acc: 0.5026
Epoch 41/50, Loss: 312.8131, Val Acc: 0.5036
Epoch 42/50, Loss: 312.9935, Val Acc: 0.5058
Epoch 43/50, Loss: 312.0531, Val Acc: 0.5068
Epoch 44/50, Loss: 311.9179, Val Acc: 0.5060
Epoch 45/50, Loss: 312.4186, Val Acc: 0.5054
Epoch 46/50, Loss: 313.0665, Val Acc: 0.5040
Epoch 47/50, Loss: 312.5609, Val Acc: 0.5074
Epoch 48/50, Loss: 312.6334, Val Acc: 0.5054
Epoch 49/50, Loss: 312.3989, Val Acc: 0.5060
Epoch 50/50, Loss: 311.6943, Val Acc: 0.5070
Epoch 1/50, Loss: 312.7339, Val Acc: 0.2870
Epoch 2/50, Loss: 313.3127, Val Acc: 0.3062
Epoch 3/50, Loss: 312.4034, Val Acc: 0.3788
Epoch 4/50, Loss: 312.6892, Val Acc: 0.3534
Epoch 5/50, Loss: 312.7290, Val Acc: 0.3950
Epoch 6/50, Loss: 312.6933, Val Acc: 0.3886
Epoch 7/50, Loss: 312.4766, Val Acc: 0.3444
Epoch 8/50, Loss: 312.6010, Val Acc: 0.4290
Epoch 9/50, Loss: 312.6698, Val Acc: 0.4176
Epoch 10/50, Loss: 313.0667, Val Acc: 0.4112
Epoch 11/50, Loss: 312.2732, Val Acc: 0.3832
Epoch 12/50, Loss: 312.1756, Val Acc: 0.4454
Epoch 13/50, Loss: 312.6214, Val Acc: 0.4116
Epoch 14/50, Loss: 312.5982, Val Acc: 0.4536
Epoch 15/50, Loss: 312.3346, Val Acc: 0.4358
Epoch 16/50, Loss: 312.0897, Val Acc: 0.3694
Epoch 17/50, Loss: 312.3261, Val Acc: 0.3886
Epoch 18/50, Loss: 312.4869, Val Acc: 0.4312
Epoch 19/50, Loss: 312.3923, Val Acc: 0.4406
Epoch 20/50, Loss: 311.8963, Val Acc: 0.4898
Epoch 21/50, Loss: 312.2122, Val Acc: 0.5058
Epoch 22/50, Loss: 312.3293, Val Acc: 0.5100
Epoch 23/50, Loss: 312.1207, Val Acc: 0.5030
Epoch 24/50, Loss: 312.5567, Val Acc: 0.5076
Epoch 25/50, Loss: 312.2382, Val Acc: 0.5092
Epoch 26/50, Loss: 312.7133, Val Acc: 0.5062
Epoch 27/50, Loss: 312.4769, Val Acc: 0.5032
Epoch 28/50, Loss: 312.4513, Val Acc: 0.5070
Epoch 29/50, Loss: 311.6575, Val Acc: 0.5090
Epoch 30/50, Loss: 312.6166, Val Acc: 0.5076
Epoch 31/50, Loss: 312.3429, Val Acc: 0.5110
Epoch 32/50, Loss: 312.0208, Val Acc: 0.5120
Epoch 33/50, Loss: 312.9232, Val Acc: 0.5110
Epoch 34/50, Loss: 312.1977, Val Acc: 0.5132
Epoch 35/50, Loss: 312.2750, Val Acc: 0.5154
Epoch 36/50, Loss: 312.3811, Val Acc: 0.5064
Epoch 37/50, Loss: 312.4710, Val Acc: 0.5086
Epoch 38/50, Loss: 312.3929, Val Acc: 0.5098
Epoch 39/50, Loss: 312.2335, Val Acc: 0.5134
Epoch 40/50, Loss: 312.5344, Val Acc: 0.5066
Epoch 41/50, Loss: 311.8523, Val Acc: 0.5144
Epoch 42/50, Loss: 312.7887, Val Acc: 0.5154
Epoch 43/50, Loss: 311.8795, Val Acc: 0.5130
Epoch 44/50, Loss: 313.1994, Val Acc: 0.5142
Epoch 45/50, Loss: 313.1508, Val Acc: 0.5170
Epoch 46/50, Loss: 312.8945, Val Acc: 0.5138
Epoch 47/50, Loss: 312.1700, Val Acc: 0.5156
Epoch 48/50, Loss: 312.3351, Val Acc: 0.5168
Epoch 49/50, Loss: 312.3115, Val Acc: 0.5140
Epoch 50/50, Loss: 312.4409, Val Acc: 0.5150
Epoch 1/50, Loss: 315.3069, Val Acc: 0.3198
Epoch 2/50, Loss: 314.8481, Val Acc: 0.3458
Epoch 3/50, Loss: 314.5109, Val Acc: 0.3622
Epoch 4/50, Loss: 313.9824, Val Acc: 0.3308
Epoch 5/50, Loss: 313.7047, Val Acc: 0.3770
Epoch 6/50, Loss: 313.6707, Val Acc: 0.3478
Epoch 7/50, Loss: 313.5436, Val Acc: 0.4086
Epoch 8/50, Loss: 313.3508, Val Acc: 0.3954
Epoch 9/50, Loss: 313.5249, Val Acc: 0.4068
Epoch 10/50, Loss: 312.9565, Val Acc: 0.4168
Epoch 11/50, Loss: 313.4631, Val Acc: 0.3730
Epoch 12/50, Loss: 313.1858, Val Acc: 0.4212
Epoch 13/50, Loss: 313.3004, Val Acc: 0.3858
Epoch 14/50, Loss: 312.5522, Val Acc: 0.4330
Epoch 15/50, Loss: 312.5070, Val Acc: 0.3990
Epoch 16/50, Loss: 312.6386, Val Acc: 0.3704
Epoch 17/50, Loss: 312.5905, Val Acc: 0.3846
Epoch 18/50, Loss: 312.9405, Val Acc: 0.4174
Epoch 19/50, Loss: 312.8621, Val Acc: 0.3918
Epoch 20/50, Loss: 312.9445, Val Acc: 0.4128
Epoch 21/50, Loss: 312.8178, Val Acc: 0.4756
Epoch 22/50, Loss: 312.4332, Val Acc: 0.4724
Epoch 23/50, Loss: 312.6262, Val Acc: 0.4756
Epoch 24/50, Loss: 312.4908, Val Acc: 0.4756
Epoch 25/50, Loss: 312.7956, Val Acc: 0.4768
Epoch 26/50, Loss: 312.9234, Val Acc: 0.4730
Epoch 27/50, Loss: 312.8798, Val Acc: 0.4688
Epoch 28/50, Loss: 312.2352, Val Acc: 0.4742
Epoch 29/50, Loss: 312.2255, Val Acc: 0.4764
Epoch 30/50, Loss: 312.4054, Val Acc: 0.4748
Epoch 31/50, Loss: 312.5720, Val Acc: 0.4792
Epoch 32/50, Loss: 312.1195, Val Acc: 0.4786
Epoch 33/50, Loss: 312.4385, Val Acc: 0.4772
Epoch 34/50, Loss: 312.5307, Val Acc: 0.4772
Epoch 35/50, Loss: 312.5683, Val Acc: 0.4750
Epoch 36/50, Loss: 313.3218, Val Acc: 0.4800
Epoch 37/50, Loss: 312.6471, Val Acc: 0.4798
Epoch 38/50, Loss: 311.9387, Val Acc: 0.4736
Epoch 39/50, Loss: 312.4932, Val Acc: 0.4748
Epoch 40/50, Loss: 312.7110, Val Acc: 0.4774
Epoch 41/50, Loss: 313.0346, Val Acc: 0.4806
Epoch 42/50, Loss: 312.4095, Val Acc: 0.4802
Epoch 43/50, Loss: 312.6898, Val Acc: 0.4794
Epoch 44/50, Loss: 313.2447, Val Acc: 0.4804
Epoch 45/50, Loss: 312.5030, Val Acc: 0.4794
Epoch 46/50, Loss: 312.7009, Val Acc: 0.4812
Epoch 47/50, Loss: 312.1413, Val Acc: 0.4792
Epoch 48/50, Loss: 312.5157, Val Acc: 0.4796
Epoch 49/50, Loss: 312.4074, Val Acc: 0.4804
Epoch 50/50, Loss: 312.5523, Val Acc: 0.4818
Epoch 1/50, Loss: 312.8240, Val Acc: 0.2414
Epoch 2/50, Loss: 312.9243, Val Acc: 0.2388
Epoch 3/50, Loss: 312.8169, Val Acc: 0.1772
Epoch 4/50, Loss: 312.8674, Val Acc: 0.2228
Epoch 5/50, Loss: 313.5055, Val Acc: 0.2616
Epoch 6/50, Loss: 312.2512, Val Acc: 0.3932
Epoch 7/50, Loss: 312.0960, Val Acc: 0.2886
Epoch 8/50, Loss: 312.4913, Val Acc: 0.3158
Epoch 9/50, Loss: 312.4100, Val Acc: 0.2922
Epoch 10/50, Loss: 312.4295, Val Acc: 0.2196
Epoch 11/50, Loss: 312.3931, Val Acc: 0.4030
Epoch 12/50, Loss: 312.2281, Val Acc: 0.3910
Epoch 13/50, Loss: 311.8434, Val Acc: 0.3288
Epoch 14/50, Loss: 312.1516, Val Acc: 0.3840
Epoch 15/50, Loss: 312.4790, Val Acc: 0.3666
Epoch 16/50, Loss: 311.8741, Val Acc: 0.2992
Epoch 17/50, Loss: 313.6805, Val Acc: 0.2390
Epoch 18/50, Loss: 311.5808, Val Acc: 0.4134
Epoch 19/50, Loss: 311.9470, Val Acc: 0.3884
Epoch 20/50, Loss: 312.6434, Val Acc: 0.3384
Epoch 21/50, Loss: 311.7520, Val Acc: 0.5360
Epoch 22/50, Loss: 312.1000, Val Acc: 0.5384
Epoch 23/50, Loss: 311.8610, Val Acc: 0.5402
Epoch 24/50, Loss: 312.1645, Val Acc: 0.5348
Epoch 25/50, Loss: 311.6588, Val Acc: 0.5424
Epoch 26/50, Loss: 311.9565, Val Acc: 0.5414
Epoch 27/50, Loss: 311.4972, Val Acc: 0.5432
Epoch 28/50, Loss: 311.6350, Val Acc: 0.5440
Epoch 29/50, Loss: 312.2233, Val Acc: 0.5372
Epoch 30/50, Loss: 311.6103, Val Acc: 0.5426
Epoch 31/50, Loss: 311.9452, Val Acc: 0.5474
Epoch 32/50, Loss: 312.4658, Val Acc: 0.5462
Epoch 33/50, Loss: 311.8732, Val Acc: 0.5420
Epoch 34/50, Loss: 311.6629, Val Acc: 0.5378
Epoch 35/50, Loss: 312.0369, Val Acc: 0.5376
Epoch 36/50, Loss: 312.1299, Val Acc: 0.5438
Epoch 37/50, Loss: 311.7851, Val Acc: 0.5410
Epoch 38/50, Loss: 312.2959, Val Acc: 0.5338
Epoch 39/50, Loss: 311.6673, Val Acc: 0.5378
Epoch 40/50, Loss: 312.3450, Val Acc: 0.5364
Epoch 41/50, Loss: 312.3702, Val Acc: 0.5484
Epoch 42/50, Loss: 311.5354, Val Acc: 0.5502
Epoch 43/50, Loss: 312.4207, Val Acc: 0.5482
Epoch 44/50, Loss: 312.1526, Val Acc: 0.5486
Epoch 45/50, Loss: 311.5135, Val Acc: 0.5502
Epoch 46/50, Loss: 311.7303, Val Acc: 0.5486
Epoch 47/50, Loss: 311.9289, Val Acc: 0.5482
Epoch 48/50, Loss: 311.4424, Val Acc: 0.5470
Epoch 49/50, Loss: 311.7157, Val Acc: 0.5486
Epoch 50/50, Loss: 311.8385, Val Acc: 0.5466
Epoch 1/50, Loss: 313.2109, Val Acc: 0.1620
Epoch 2/50, Loss: 312.4038, Val Acc: 0.2862
Epoch 3/50, Loss: 312.2847, Val Acc: 0.3040
Epoch 4/50, Loss: 312.9266, Val Acc: 0.2858
Epoch 5/50, Loss: 311.9301, Val Acc: 0.3332
Epoch 6/50, Loss: 312.1286, Val Acc: 0.2280
Epoch 7/50, Loss: 312.5116, Val Acc: 0.2370
Epoch 8/50, Loss: 312.5779, Val Acc: 0.2128
Epoch 9/50, Loss: 312.6547, Val Acc: 0.3316
Epoch 10/50, Loss: 312.7012, Val Acc: 0.2830
Epoch 11/50, Loss: 312.8077, Val Acc: 0.3546
Epoch 12/50, Loss: 313.1794, Val Acc: 0.1768
Epoch 13/50, Loss: 312.2810, Val Acc: 0.3694
Epoch 14/50, Loss: 312.8809, Val Acc: 0.2824
Epoch 15/50, Loss: 312.3664, Val Acc: 0.4312
Epoch 16/50, Loss: 312.2796, Val Acc: 0.2504
Epoch 17/50, Loss: 312.1637, Val Acc: 0.3500
Epoch 18/50, Loss: 312.5170, Val Acc: 0.1954
Epoch 19/50, Loss: 312.5900, Val Acc: 0.3096
Epoch 20/50, Loss: 312.2552, Val Acc: 0.1644
Epoch 21/50, Loss: 311.9374, Val Acc: 0.5304
Epoch 22/50, Loss: 312.2778, Val Acc: 0.5328
Epoch 23/50, Loss: 312.6487, Val Acc: 0.5318
Epoch 24/50, Loss: 312.6327, Val Acc: 0.5388
Epoch 25/50, Loss: 312.6272, Val Acc: 0.5316
Epoch 26/50, Loss: 311.6560, Val Acc: 0.5366
Epoch 27/50, Loss: 311.9186, Val Acc: 0.5230
Epoch 28/50, Loss: 311.9974, Val Acc: 0.5368
Epoch 29/50, Loss: 311.9076, Val Acc: 0.5372
Epoch 30/50, Loss: 311.6454, Val Acc: 0.5282
Epoch 31/50, Loss: 312.6612, Val Acc: 0.5368
Epoch 32/50, Loss: 311.7817, Val Acc: 0.5394
Epoch 33/50, Loss: 311.5034, Val Acc: 0.5402
Epoch 34/50, Loss: 312.1963, Val Acc: 0.5352
Epoch 35/50, Loss: 312.0943, Val Acc: 0.5346
Epoch 36/50, Loss: 312.2165, Val Acc: 0.5172
Epoch 37/50, Loss: 312.9386, Val Acc: 0.5162
Epoch 38/50, Loss: 311.9676, Val Acc: 0.5316
Epoch 39/50, Loss: 312.3553, Val Acc: 0.5116
Epoch 40/50, Loss: 311.4927, Val Acc: 0.5346
Epoch 41/50, Loss: 311.8836, Val Acc: 0.5442
Epoch 42/50, Loss: 311.7912, Val Acc: 0.5446
Epoch 43/50, Loss: 311.9865, Val Acc: 0.5448
Epoch 44/50, Loss: 312.1817, Val Acc: 0.5472
Epoch 45/50, Loss: 312.0329, Val Acc: 0.5462
Epoch 46/50, Loss: 311.8691, Val Acc: 0.5478
Epoch 47/50, Loss: 311.8506, Val Acc: 0.5474
Epoch 48/50, Loss: 311.7040, Val Acc: 0.5476
Epoch 49/50, Loss: 312.1389, Val Acc: 0.5472
Epoch 50/50, Loss: 312.0923, Val Acc: 0.5486
Epoch 1/50, Loss: 313.5648, Val Acc: 0.2350
Epoch 2/50, Loss: 312.8406, Val Acc: 0.2016
Epoch 3/50, Loss: 312.2378, Val Acc: 0.1850
Epoch 4/50, Loss: 312.4536, Val Acc: 0.2400
Epoch 5/50, Loss: 312.7818, Val Acc: 0.1850
Epoch 6/50, Loss: 312.6021, Val Acc: 0.2948
Epoch 7/50, Loss: 313.2054, Val Acc: 0.2158
Epoch 8/50, Loss: 313.4701, Val Acc: 0.2286
Epoch 9/50, Loss: 313.4341, Val Acc: 0.2374
Epoch 10/50, Loss: 312.4272, Val Acc: 0.1468
Epoch 11/50, Loss: 312.2122, Val Acc: 0.2744
Epoch 12/50, Loss: 313.0488, Val Acc: 0.2300
Epoch 13/50, Loss: 313.0437, Val Acc: 0.2404
Epoch 14/50, Loss: 312.3590, Val Acc: 0.2558
Epoch 15/50, Loss: 312.8210, Val Acc: 0.1364
Epoch 16/50, Loss: 312.6935, Val Acc: 0.1978
Epoch 17/50, Loss: 312.8584, Val Acc: 0.2580
Epoch 18/50, Loss: 312.7164, Val Acc: 0.2722
Epoch 19/50, Loss: 312.4182, Val Acc: 0.3070
Epoch 20/50, Loss: 312.2926, Val Acc: 0.2792
Epoch 21/50, Loss: 312.3512, Val Acc: 0.4516
Epoch 22/50, Loss: 312.5106, Val Acc: 0.4406
Epoch 23/50, Loss: 312.2702, Val Acc: 0.4426
Epoch 24/50, Loss: 313.0450, Val Acc: 0.4340
Epoch 25/50, Loss: 312.1759, Val Acc: 0.4474
Epoch 26/50, Loss: 312.0762, Val Acc: 0.4518
Epoch 27/50, Loss: 312.9323, Val Acc: 0.4604
Epoch 28/50, Loss: 312.6603, Val Acc: 0.4532
Epoch 29/50, Loss: 312.4586, Val Acc: 0.4566
Epoch 30/50, Loss: 312.4775, Val Acc: 0.4574
Epoch 31/50, Loss: 312.8414, Val Acc: 0.4324
Epoch 32/50, Loss: 312.3915, Val Acc: 0.4462
Epoch 33/50, Loss: 312.6420, Val Acc: 0.4496
Epoch 34/50, Loss: 312.2385, Val Acc: 0.4422
Epoch 35/50, Loss: 312.4597, Val Acc: 0.4694
Epoch 36/50, Loss: 312.6341, Val Acc: 0.4474
Epoch 37/50, Loss: 312.1091, Val Acc: 0.4342
Epoch 38/50, Loss: 312.7680, Val Acc: 0.4168
Epoch 39/50, Loss: 312.7776, Val Acc: 0.4006
Epoch 40/50, Loss: 312.6805, Val Acc: 0.4766
Epoch 41/50, Loss: 312.2517, Val Acc: 0.4894
Epoch 42/50, Loss: 312.4767, Val Acc: 0.4888
Epoch 43/50, Loss: 312.3121, Val Acc: 0.4890
Epoch 44/50, Loss: 312.7695, Val Acc: 0.4870
Epoch 45/50, Loss: 312.4796, Val Acc: 0.4906
Epoch 46/50, Loss: 312.6347, Val Acc: 0.4882
Epoch 47/50, Loss: 312.4348, Val Acc: 0.4880
Epoch 48/50, Loss: 312.7029, Val Acc: 0.4882
Epoch 49/50, Loss: 312.1103, Val Acc: 0.4872
Epoch 50/50, Loss: 312.3253, Val Acc: 0.4920
Epoch 1/50, Loss: 313.1920, Val Acc: 0.0946
Epoch 2/50, Loss: 313.1746, Val Acc: 0.1206
Epoch 3/50, Loss: 313.1319, Val Acc: 0.1276
Epoch 4/50, Loss: 313.1577, Val Acc: 0.1310
Epoch 5/50, Loss: 313.0953, Val Acc: 0.1348
Epoch 6/50, Loss: 313.1122, Val Acc: 0.1414
Epoch 7/50, Loss: 313.1481, Val Acc: 0.1576
Epoch 8/50, Loss: 313.1596, Val Acc: 0.1726
Epoch 9/50, Loss: 313.1100, Val Acc: 0.1864
Epoch 10/50, Loss: 313.1211, Val Acc: 0.1920
Epoch 11/50, Loss: 313.1518, Val Acc: 0.2018
Epoch 12/50, Loss: 313.1354, Val Acc: 0.2106
Epoch 13/50, Loss: 313.0704, Val Acc: 0.2162
Epoch 14/50, Loss: 313.0585, Val Acc: 0.2240
Epoch 15/50, Loss: 313.0833, Val Acc: 0.2292
Epoch 16/50, Loss: 313.0326, Val Acc: 0.2352
Epoch 17/50, Loss: 313.0876, Val Acc: 0.2404
Epoch 18/50, Loss: 313.0383, Val Acc: 0.2428
Epoch 19/50, Loss: 313.0709, Val Acc: 0.2460
Epoch 20/50, Loss: 313.0874, Val Acc: 0.2476
Epoch 21/50, Loss: 313.1164, Val Acc: 0.2488
Epoch 22/50, Loss: 313.1936, Val Acc: 0.2484
Epoch 23/50, Loss: 313.1010, Val Acc: 0.2494
Epoch 24/50, Loss: 312.9978, Val Acc: 0.2504
Epoch 25/50, Loss: 312.8980, Val Acc: 0.2502
Epoch 26/50, Loss: 312.8641, Val Acc: 0.2506
Epoch 27/50, Loss: 312.9913, Val Acc: 0.2510
Epoch 28/50, Loss: 313.0725, Val Acc: 0.2510
Epoch 29/50, Loss: 313.1655, Val Acc: 0.2514
Epoch 30/50, Loss: 313.0396, Val Acc: 0.2524
Epoch 31/50, Loss: 313.1273, Val Acc: 0.2522
Epoch 32/50, Loss: 313.0702, Val Acc: 0.2524
Epoch 33/50, Loss: 313.0878, Val Acc: 0.2528
Epoch 34/50, Loss: 313.0321, Val Acc: 0.2528
Epoch 35/50, Loss: 313.0467, Val Acc: 0.2528
Epoch 36/50, Loss: 312.9856, Val Acc: 0.2532
Epoch 37/50, Loss: 313.0162, Val Acc: 0.2538
Epoch 38/50, Loss: 313.1599, Val Acc: 0.2546
Epoch 39/50, Loss: 312.8891, Val Acc: 0.2546
Epoch 40/50, Loss: 313.0749, Val Acc: 0.2548
Epoch 41/50, Loss: 312.9638, Val Acc: 0.2550
Epoch 42/50, Loss: 313.0607, Val Acc: 0.2548
Epoch 43/50, Loss: 312.9530, Val Acc: 0.2548
Epoch 44/50, Loss: 313.0443, Val Acc: 0.2548
Epoch 45/50, Loss: 313.1752, Val Acc: 0.2548
Epoch 46/50, Loss: 312.8598, Val Acc: 0.2548
Epoch 47/50, Loss: 313.1284, Val Acc: 0.2548
Epoch 48/50, Loss: 312.8436, Val Acc: 0.2548
Epoch 49/50, Loss: 312.9096, Val Acc: 0.2548
Epoch 50/50, Loss: 312.9837, Val Acc: 0.2550
Epoch 1/50, Loss: 313.4191, Val Acc: 0.1178
Epoch 2/50, Loss: 313.4391, Val Acc: 0.1150
Epoch 3/50, Loss: 313.3366, Val Acc: 0.1146
Epoch 4/50, Loss: 313.3794, Val Acc: 0.1180
Epoch 5/50, Loss: 313.4135, Val Acc: 0.1254
Epoch 6/50, Loss: 313.3747, Val Acc: 0.1320
Epoch 7/50, Loss: 313.4182, Val Acc: 0.1382
Epoch 8/50, Loss: 313.3403, Val Acc: 0.1508
Epoch 9/50, Loss: 313.3102, Val Acc: 0.1582
Epoch 10/50, Loss: 313.3475, Val Acc: 0.1716
Epoch 11/50, Loss: 313.2835, Val Acc: 0.1798
Epoch 12/50, Loss: 313.3539, Val Acc: 0.1890
Epoch 13/50, Loss: 313.3827, Val Acc: 0.1920
Epoch 14/50, Loss: 313.2647, Val Acc: 0.1990
Epoch 15/50, Loss: 313.3730, Val Acc: 0.2054
Epoch 16/50, Loss: 313.2853, Val Acc: 0.2142
Epoch 17/50, Loss: 313.2384, Val Acc: 0.2178
Epoch 18/50, Loss: 313.4513, Val Acc: 0.2218
Epoch 19/50, Loss: 313.2591, Val Acc: 0.2260
Epoch 20/50, Loss: 313.3010, Val Acc: 0.2268
Epoch 21/50, Loss: 313.3957, Val Acc: 0.2270
Epoch 22/50, Loss: 313.3278, Val Acc: 0.2284
Epoch 23/50, Loss: 313.2516, Val Acc: 0.2290
Epoch 24/50, Loss: 313.4086, Val Acc: 0.2288
Epoch 25/50, Loss: 313.2698, Val Acc: 0.2300
Epoch 26/50, Loss: 313.3494, Val Acc: 0.2290
Epoch 27/50, Loss: 313.2194, Val Acc: 0.2296
Epoch 28/50, Loss: 313.1501, Val Acc: 0.2302
Epoch 29/50, Loss: 313.2606, Val Acc: 0.2302
Epoch 30/50, Loss: 313.3347, Val Acc: 0.2304
Epoch 31/50, Loss: 313.3234, Val Acc: 0.2310
Epoch 32/50, Loss: 313.3010, Val Acc: 0.2318
Epoch 33/50, Loss: 313.2785, Val Acc: 0.2324
Epoch 34/50, Loss: 313.3237, Val Acc: 0.2328
Epoch 35/50, Loss: 313.3225, Val Acc: 0.2330
Epoch 36/50, Loss: 313.1636, Val Acc: 0.2334
Epoch 37/50, Loss: 313.4140, Val Acc: 0.2344
Epoch 38/50, Loss: 313.3368, Val Acc: 0.2348
Epoch 39/50, Loss: 313.2238, Val Acc: 0.2354
Epoch 40/50, Loss: 313.4539, Val Acc: 0.2358
Epoch 41/50, Loss: 313.1889, Val Acc: 0.2364
Epoch 42/50, Loss: 313.1122, Val Acc: 0.2364
Epoch 43/50, Loss: 313.3329, Val Acc: 0.2364
Epoch 44/50, Loss: 313.3162, Val Acc: 0.2364
Epoch 45/50, Loss: 313.3378, Val Acc: 0.2366
Epoch 46/50, Loss: 313.2607, Val Acc: 0.2366
Epoch 47/50, Loss: 313.3423, Val Acc: 0.2366
Epoch 48/50, Loss: 313.2417, Val Acc: 0.2366
Epoch 49/50, Loss: 313.1955, Val Acc: 0.2366
Epoch 50/50, Loss: 313.4170, Val Acc: 0.2366
Epoch 1/50, Loss: 315.7323, Val Acc: 0.1188
Epoch 2/50, Loss: 315.6551, Val Acc: 0.1134
Epoch 3/50, Loss: 315.6834, Val Acc: 0.1130
Epoch 4/50, Loss: 315.6936, Val Acc: 0.1162
Epoch 5/50, Loss: 315.6397, Val Acc: 0.1202
Epoch 6/50, Loss: 315.6583, Val Acc: 0.1256
Epoch 7/50, Loss: 315.6839, Val Acc: 0.1344
Epoch 8/50, Loss: 315.6548, Val Acc: 0.1430
Epoch 9/50, Loss: 315.6656, Val Acc: 0.1556
Epoch 10/50, Loss: 315.6052, Val Acc: 0.1668
Epoch 11/50, Loss: 315.6798, Val Acc: 0.1764
Epoch 12/50, Loss: 315.5954, Val Acc: 0.1850
Epoch 13/50, Loss: 315.5544, Val Acc: 0.1910
Epoch 14/50, Loss: 315.6394, Val Acc: 0.1966
Epoch 15/50, Loss: 315.6148, Val Acc: 0.2010
Epoch 16/50, Loss: 315.5811, Val Acc: 0.2106
Epoch 17/50, Loss: 315.5287, Val Acc: 0.2158
Epoch 18/50, Loss: 315.6442, Val Acc: 0.2214
Epoch 19/50, Loss: 315.6654, Val Acc: 0.2240
Epoch 20/50, Loss: 315.5050, Val Acc: 0.2294
Epoch 21/50, Loss: 315.6189, Val Acc: 0.2294
Epoch 22/50, Loss: 315.5710, Val Acc: 0.2302
Epoch 23/50, Loss: 315.4809, Val Acc: 0.2310
Epoch 24/50, Loss: 315.6024, Val Acc: 0.2310
Epoch 25/50, Loss: 315.4627, Val Acc: 0.2316
Epoch 26/50, Loss: 315.4813, Val Acc: 0.2318
Epoch 27/50, Loss: 315.4631, Val Acc: 0.2326
Epoch 28/50, Loss: 315.5422, Val Acc: 0.2324
Epoch 29/50, Loss: 315.4333, Val Acc: 0.2336
Epoch 30/50, Loss: 315.4594, Val Acc: 0.2332
Epoch 31/50, Loss: 315.6567, Val Acc: 0.2330
Epoch 32/50, Loss: 315.6025, Val Acc: 0.2332
Epoch 33/50, Loss: 315.5743, Val Acc: 0.2332
Epoch 34/50, Loss: 315.4911, Val Acc: 0.2342
Epoch 35/50, Loss: 315.5815, Val Acc: 0.2338
Epoch 36/50, Loss: 315.5392, Val Acc: 0.2342
Epoch 37/50, Loss: 315.6317, Val Acc: 0.2344
Epoch 38/50, Loss: 315.5958, Val Acc: 0.2344
Epoch 39/50, Loss: 315.4036, Val Acc: 0.2344
Epoch 40/50, Loss: 315.4772, Val Acc: 0.2354
Epoch 41/50, Loss: 315.3479, Val Acc: 0.2354
Epoch 42/50, Loss: 315.5077, Val Acc: 0.2354
Epoch 43/50, Loss: 315.4645, Val Acc: 0.2354
Epoch 44/50, Loss: 315.7077, Val Acc: 0.2354
Epoch 45/50, Loss: 315.5418, Val Acc: 0.2352
Epoch 46/50, Loss: 315.5828, Val Acc: 0.2352
Epoch 47/50, Loss: 315.4903, Val Acc: 0.2350
Epoch 48/50, Loss: 315.6269, Val Acc: 0.2352
Epoch 49/50, Loss: 315.4196, Val Acc: 0.2350
Epoch 50/50, Loss: 315.6561, Val Acc: 0.2350
Epoch 1/50, Loss: 312.8048, Val Acc: 0.3148
Epoch 2/50, Loss: 313.0102, Val Acc: 0.3316
Epoch 3/50, Loss: 312.5962, Val Acc: 0.3614
Epoch 4/50, Loss: 312.5393, Val Acc: 0.3822
Epoch 5/50, Loss: 312.5281, Val Acc: 0.3562
Epoch 6/50, Loss: 312.0676, Val Acc: 0.4106
Epoch 7/50, Loss: 312.2076, Val Acc: 0.3760
Epoch 8/50, Loss: 312.7363, Val Acc: 0.4050
Epoch 9/50, Loss: 312.2392, Val Acc: 0.4322
Epoch 10/50, Loss: 312.2241, Val Acc: 0.4128
Epoch 11/50, Loss: 312.4237, Val Acc: 0.4460
Epoch 12/50, Loss: 312.0621, Val Acc: 0.3750
Epoch 13/50, Loss: 312.3906, Val Acc: 0.4294
Epoch 14/50, Loss: 312.1610, Val Acc: 0.3984
Epoch 15/50, Loss: 312.1708, Val Acc: 0.4224
Epoch 16/50, Loss: 312.4497, Val Acc: 0.3932
Epoch 17/50, Loss: 311.9228, Val Acc: 0.4522
Epoch 18/50, Loss: 312.2731, Val Acc: 0.4710
Epoch 19/50, Loss: 313.2474, Val Acc: 0.3144
Epoch 20/50, Loss: 312.5896, Val Acc: 0.4448
Epoch 21/50, Loss: 312.0073, Val Acc: 0.5102
Epoch 22/50, Loss: 311.8463, Val Acc: 0.5064
Epoch 23/50, Loss: 311.8504, Val Acc: 0.5030
Epoch 24/50, Loss: 312.5810, Val Acc: 0.5088
Epoch 25/50, Loss: 312.0597, Val Acc: 0.5096
Epoch 26/50, Loss: 312.0951, Val Acc: 0.5096
Epoch 27/50, Loss: 312.0328, Val Acc: 0.5122
Epoch 28/50, Loss: 312.5598, Val Acc: 0.5022
Epoch 29/50, Loss: 312.1693, Val Acc: 0.5098
Epoch 30/50, Loss: 312.5656, Val Acc: 0.5132
Epoch 31/50, Loss: 311.6837, Val Acc: 0.5124
Epoch 32/50, Loss: 312.1851, Val Acc: 0.5120
Epoch 33/50, Loss: 312.1554, Val Acc: 0.5094
Epoch 34/50, Loss: 312.6861, Val Acc: 0.5130
Epoch 35/50, Loss: 312.6303, Val Acc: 0.5096
Epoch 36/50, Loss: 312.5278, Val Acc: 0.5088
Epoch 37/50, Loss: 312.0104, Val Acc: 0.5086
Epoch 38/50, Loss: 312.2973, Val Acc: 0.5124
Epoch 39/50, Loss: 312.1427, Val Acc: 0.5110
Epoch 40/50, Loss: 311.9736, Val Acc: 0.5100
Epoch 41/50, Loss: 312.1433, Val Acc: 0.5136
Epoch 42/50, Loss: 312.3297, Val Acc: 0.5138
Epoch 43/50, Loss: 312.1751, Val Acc: 0.5122
Epoch 44/50, Loss: 312.1905, Val Acc: 0.5158
Epoch 45/50, Loss: 312.3465, Val Acc: 0.5144
Epoch 46/50, Loss: 312.0473, Val Acc: 0.5148
Epoch 47/50, Loss: 312.5092, Val Acc: 0.5160
Epoch 48/50, Loss: 312.6736, Val Acc: 0.5158
Epoch 49/50, Loss: 312.3718, Val Acc: 0.5148
Epoch 50/50, Loss: 312.8231, Val Acc: 0.5148
Epoch 1/50, Loss: 313.1846, Val Acc: 0.3104
Epoch 2/50, Loss: 313.1907, Val Acc: 0.3356
Epoch 3/50, Loss: 313.1693, Val Acc: 0.3630
Epoch 4/50, Loss: 312.7410, Val Acc: 0.3800
Epoch 5/50, Loss: 312.6311, Val Acc: 0.4074
Epoch 6/50, Loss: 312.7253, Val Acc: 0.3764
Epoch 7/50, Loss: 312.7320, Val Acc: 0.4286
Epoch 8/50, Loss: 314.1224, Val Acc: 0.4146
Epoch 9/50, Loss: 312.7894, Val Acc: 0.4440
Epoch 10/50, Loss: 312.8711, Val Acc: 0.3966
Epoch 11/50, Loss: 312.6761, Val Acc: 0.4214
Epoch 12/50, Loss: 312.7503, Val Acc: 0.4110
Epoch 13/50, Loss: 312.3151, Val Acc: 0.4394
Epoch 14/50, Loss: 312.3467, Val Acc: 0.4736
Epoch 15/50, Loss: 312.9524, Val Acc: 0.4074
Epoch 16/50, Loss: 312.5263, Val Acc: 0.4440
Epoch 17/50, Loss: 313.1062, Val Acc: 0.4256
Epoch 18/50, Loss: 313.0959, Val Acc: 0.3802
Epoch 19/50, Loss: 312.7667, Val Acc: 0.4612
Epoch 20/50, Loss: 312.9429, Val Acc: 0.3424
Epoch 21/50, Loss: 312.2861, Val Acc: 0.5096
Epoch 22/50, Loss: 312.9168, Val Acc: 0.5066
Epoch 23/50, Loss: 312.3816, Val Acc: 0.5092
Epoch 24/50, Loss: 312.4266, Val Acc: 0.5098
Epoch 25/50, Loss: 312.9743, Val Acc: 0.5094
Epoch 26/50, Loss: 312.9508, Val Acc: 0.5100
Epoch 27/50, Loss: 311.9861, Val Acc: 0.5112
Epoch 28/50, Loss: 312.4828, Val Acc: 0.5078
Epoch 29/50, Loss: 312.9329, Val Acc: 0.5112
Epoch 30/50, Loss: 312.5399, Val Acc: 0.5118
Epoch 31/50, Loss: 312.6234, Val Acc: 0.5114
Epoch 32/50, Loss: 312.4885, Val Acc: 0.5122
Epoch 33/50, Loss: 311.9841, Val Acc: 0.5162
Epoch 34/50, Loss: 313.2003, Val Acc: 0.5104
Epoch 35/50, Loss: 312.6549, Val Acc: 0.5138
Epoch 36/50, Loss: 313.1396, Val Acc: 0.5126
Epoch 37/50, Loss: 312.6835, Val Acc: 0.5128
Epoch 38/50, Loss: 312.6213, Val Acc: 0.5134
Epoch 39/50, Loss: 312.7277, Val Acc: 0.5158
Epoch 40/50, Loss: 312.1237, Val Acc: 0.5142
Epoch 41/50, Loss: 312.4555, Val Acc: 0.5176
Epoch 42/50, Loss: 311.9981, Val Acc: 0.5168
Epoch 43/50, Loss: 312.5894, Val Acc: 0.5150
Epoch 44/50, Loss: 312.9648, Val Acc: 0.5164
Epoch 45/50, Loss: 312.5502, Val Acc: 0.5182
Epoch 46/50, Loss: 312.7654, Val Acc: 0.5182
Epoch 47/50, Loss: 311.7199, Val Acc: 0.5170
Epoch 48/50, Loss: 312.7101, Val Acc: 0.5160
Epoch 49/50, Loss: 312.2272, Val Acc: 0.5172
Epoch 50/50, Loss: 312.5477, Val Acc: 0.5180
Epoch 1/50, Loss: 317.5857, Val Acc: 0.3168
Epoch 2/50, Loss: 316.6709, Val Acc: 0.3002
Epoch 3/50, Loss: 315.7278, Val Acc: 0.3666
Epoch 4/50, Loss: 315.3538, Val Acc: 0.3920
Epoch 5/50, Loss: 314.8620, Val Acc: 0.3854
Epoch 6/50, Loss: 314.9706, Val Acc: 0.3822
Epoch 7/50, Loss: 313.9453, Val Acc: 0.3478
Epoch 8/50, Loss: 314.4474, Val Acc: 0.3560
Epoch 9/50, Loss: 314.4583, Val Acc: 0.4078
Epoch 10/50, Loss: 313.3407, Val Acc: 0.3828
Epoch 11/50, Loss: 313.6225, Val Acc: 0.4278
Epoch 12/50, Loss: 314.0281, Val Acc: 0.4100
Epoch 13/50, Loss: 313.2435, Val Acc: 0.4148
Epoch 14/50, Loss: 313.0693, Val Acc: 0.4150
Epoch 15/50, Loss: 313.2718, Val Acc: 0.3948
Epoch 16/50, Loss: 312.9670, Val Acc: 0.4084
Epoch 17/50, Loss: 313.1315, Val Acc: 0.4008
Epoch 18/50, Loss: 313.2458, Val Acc: 0.4160
Epoch 19/50, Loss: 312.5752, Val Acc: 0.4054
Epoch 20/50, Loss: 312.7044, Val Acc: 0.3894
Epoch 21/50, Loss: 312.6485, Val Acc: 0.4748
Epoch 22/50, Loss: 312.4707, Val Acc: 0.4748
Epoch 23/50, Loss: 312.5517, Val Acc: 0.4790
Epoch 24/50, Loss: 312.8830, Val Acc: 0.4782
Epoch 25/50, Loss: 313.0589, Val Acc: 0.4786
Epoch 26/50, Loss: 312.3497, Val Acc: 0.4784
Epoch 27/50, Loss: 312.8330, Val Acc: 0.4810
Epoch 28/50, Loss: 312.6290, Val Acc: 0.4822
Epoch 29/50, Loss: 312.7744, Val Acc: 0.4808
Epoch 30/50, Loss: 313.1203, Val Acc: 0.4808
Epoch 31/50, Loss: 313.3035, Val Acc: 0.4794
Epoch 32/50, Loss: 312.7204, Val Acc: 0.4798
Epoch 33/50, Loss: 312.9932, Val Acc: 0.4814
Epoch 34/50, Loss: 312.8790, Val Acc: 0.4834
Epoch 35/50, Loss: 312.8290, Val Acc: 0.4844
Epoch 36/50, Loss: 312.6607, Val Acc: 0.4802
Epoch 37/50, Loss: 312.4841, Val Acc: 0.4800
Epoch 38/50, Loss: 313.1173, Val Acc: 0.4780
Epoch 39/50, Loss: 313.0314, Val Acc: 0.4850
Epoch 40/50, Loss: 312.3575, Val Acc: 0.4782
Epoch 41/50, Loss: 312.1296, Val Acc: 0.4822
Epoch 42/50, Loss: 312.0959, Val Acc: 0.4832
Epoch 43/50, Loss: 313.2020, Val Acc: 0.4828
Epoch 44/50, Loss: 312.8428, Val Acc: 0.4826
Epoch 45/50, Loss: 312.9739, Val Acc: 0.4824
Epoch 46/50, Loss: 312.2987, Val Acc: 0.4830
Epoch 47/50, Loss: 312.8683, Val Acc: 0.4812
Epoch 48/50, Loss: 312.5497, Val Acc: 0.4840
Epoch 49/50, Loss: 312.7635, Val Acc: 0.4818
Epoch 50/50, Loss: 312.6936, Val Acc: 0.4850
Epoch 1/50, Loss: 312.4316, Val Acc: 0.2792
Epoch 2/50, Loss: 312.7490, Val Acc: 0.3326
Epoch 3/50, Loss: 313.1807, Val Acc: 0.2942
Epoch 4/50, Loss: 312.2379, Val Acc: 0.2986
Epoch 5/50, Loss: 312.4726, Val Acc: 0.1738
Epoch 6/50, Loss: 312.2219, Val Acc: 0.2960
Epoch 7/50, Loss: 312.0413, Val Acc: 0.4208
Epoch 8/50, Loss: 312.1154, Val Acc: 0.2882
Epoch 9/50, Loss: 312.2788, Val Acc: 0.3366
Epoch 10/50, Loss: 312.1544, Val Acc: 0.4090
Epoch 11/50, Loss: 312.4083, Val Acc: 0.3458
Epoch 12/50, Loss: 312.4345, Val Acc: 0.2158
Epoch 13/50, Loss: 311.9312, Val Acc: 0.4038
Epoch 14/50, Loss: 312.5821, Val Acc: 0.4192
Epoch 15/50, Loss: 311.7095, Val Acc: 0.4102
Epoch 16/50, Loss: 312.2710, Val Acc: 0.3164
Epoch 17/50, Loss: 312.4655, Val Acc: 0.3456
Epoch 18/50, Loss: 312.1290, Val Acc: 0.3384
Epoch 19/50, Loss: 312.4952, Val Acc: 0.4028
Epoch 20/50, Loss: 312.7435, Val Acc: 0.2666
Epoch 21/50, Loss: 312.3535, Val Acc: 0.5490
Epoch 22/50, Loss: 311.6616, Val Acc: 0.5494
Epoch 23/50, Loss: 312.2127, Val Acc: 0.5360
Epoch 24/50, Loss: 311.6627, Val Acc: 0.5512
Epoch 25/50, Loss: 311.2379, Val Acc: 0.5512
Epoch 26/50, Loss: 312.0829, Val Acc: 0.5510
Epoch 27/50, Loss: 312.0086, Val Acc: 0.5546
Epoch 28/50, Loss: 311.4654, Val Acc: 0.5504
Epoch 29/50, Loss: 311.4524, Val Acc: 0.5506
Epoch 30/50, Loss: 312.0200, Val Acc: 0.5498
Epoch 31/50, Loss: 312.0283, Val Acc: 0.5568
Epoch 32/50, Loss: 312.1683, Val Acc: 0.5470
Epoch 33/50, Loss: 311.9508, Val Acc: 0.5564
Epoch 34/50, Loss: 311.6746, Val Acc: 0.5548
Epoch 35/50, Loss: 312.3274, Val Acc: 0.5468
Epoch 36/50, Loss: 311.9427, Val Acc: 0.5512
Epoch 37/50, Loss: 312.2765, Val Acc: 0.5310
Epoch 38/50, Loss: 311.4499, Val Acc: 0.5508
Epoch 39/50, Loss: 311.8842, Val Acc: 0.5448
Epoch 40/50, Loss: 311.5867, Val Acc: 0.5490
Epoch 41/50, Loss: 311.9032, Val Acc: 0.5628
Epoch 42/50, Loss: 311.7828, Val Acc: 0.5660
Epoch 43/50, Loss: 311.6455, Val Acc: 0.5636
Epoch 44/50, Loss: 311.8589, Val Acc: 0.5584
Epoch 45/50, Loss: 312.1008, Val Acc: 0.5656
Epoch 46/50, Loss: 311.6422, Val Acc: 0.5632
Epoch 47/50, Loss: 312.0153, Val Acc: 0.5636
Epoch 48/50, Loss: 312.0281, Val Acc: 0.5628
Epoch 49/50, Loss: 312.2640, Val Acc: 0.5638
Epoch 50/50, Loss: 312.2700, Val Acc: 0.5616
Epoch 1/50, Loss: 313.2602, Val Acc: 0.2794
Epoch 2/50, Loss: 313.1607, Val Acc: 0.2386
Epoch 3/50, Loss: 312.6458, Val Acc: 0.1878
Epoch 4/50, Loss: 313.0615, Val Acc: 0.3028
Epoch 5/50, Loss: 313.0058, Val Acc: 0.2454
Epoch 6/50, Loss: 312.3045, Val Acc: 0.3290
Epoch 7/50, Loss: 312.5337, Val Acc: 0.2460
Epoch 8/50, Loss: 313.6142, Val Acc: 0.3166
Epoch 9/50, Loss: 312.0948, Val Acc: 0.3096
Epoch 10/50, Loss: 312.6697, Val Acc: 0.4018
Epoch 11/50, Loss: 312.9878, Val Acc: 0.2566
Epoch 12/50, Loss: 312.4559, Val Acc: 0.3736
Epoch 13/50, Loss: 313.6845, Val Acc: 0.2064
Epoch 14/50, Loss: 312.3566, Val Acc: 0.2554
Epoch 15/50, Loss: 312.1420, Val Acc: 0.4084
Epoch 16/50, Loss: 312.2166, Val Acc: 0.3968
Epoch 17/50, Loss: 312.2532, Val Acc: 0.3044
Epoch 18/50, Loss: 312.3512, Val Acc: 0.3406
Epoch 19/50, Loss: 312.5979, Val Acc: 0.3278
Epoch 20/50, Loss: 312.0426, Val Acc: 0.3366
Epoch 21/50, Loss: 312.6297, Val Acc: 0.5294
Epoch 22/50, Loss: 312.0858, Val Acc: 0.5460
Epoch 23/50, Loss: 312.1766, Val Acc: 0.5416
Epoch 24/50, Loss: 312.3016, Val Acc: 0.5406
Epoch 25/50, Loss: 312.0550, Val Acc: 0.5350
Epoch 26/50, Loss: 312.6358, Val Acc: 0.5410
Epoch 27/50, Loss: 312.6209, Val Acc: 0.5418
Epoch 28/50, Loss: 312.8396, Val Acc: 0.5332
Epoch 29/50, Loss: 311.8475, Val Acc: 0.5450
Epoch 30/50, Loss: 311.9714, Val Acc: 0.5474
Epoch 31/50, Loss: 311.4811, Val Acc: 0.5400
Epoch 32/50, Loss: 311.8123, Val Acc: 0.5492
Epoch 33/50, Loss: 312.1219, Val Acc: 0.5308
Epoch 34/50, Loss: 311.6163, Val Acc: 0.5394
Epoch 35/50, Loss: 311.8842, Val Acc: 0.5544
Epoch 36/50, Loss: 311.9811, Val Acc: 0.5366
Epoch 37/50, Loss: 312.6439, Val Acc: 0.5404
Epoch 38/50, Loss: 312.2024, Val Acc: 0.5514
Epoch 39/50, Loss: 312.3085, Val Acc: 0.5370
Epoch 40/50, Loss: 311.8760, Val Acc: 0.5466
Epoch 41/50, Loss: 312.4961, Val Acc: 0.5576
Epoch 42/50, Loss: 312.0443, Val Acc: 0.5572
Epoch 43/50, Loss: 312.0197, Val Acc: 0.5568
Epoch 44/50, Loss: 311.6521, Val Acc: 0.5576
Epoch 45/50, Loss: 312.0486, Val Acc: 0.5564
Epoch 46/50, Loss: 312.0450, Val Acc: 0.5610
Epoch 47/50, Loss: 312.3600, Val Acc: 0.5578
Epoch 48/50, Loss: 311.5932, Val Acc: 0.5590
Epoch 49/50, Loss: 311.9607, Val Acc: 0.5584
Epoch 50/50, Loss: 312.0198, Val Acc: 0.5602
Epoch 1/50, Loss: 314.0209, Val Acc: 0.2256
Epoch 2/50, Loss: 313.1483, Val Acc: 0.2746
Epoch 3/50, Loss: 312.5024, Val Acc: 0.2876
Epoch 4/50, Loss: 313.1643, Val Acc: 0.2964
Epoch 5/50, Loss: 313.0673, Val Acc: 0.2540
Epoch 6/50, Loss: 313.1439, Val Acc: 0.3588
Epoch 7/50, Loss: 312.7053, Val Acc: 0.2360
Epoch 8/50, Loss: 313.3884, Val Acc: 0.2600
Epoch 9/50, Loss: 312.0539, Val Acc: 0.1566
Epoch 10/50, Loss: 312.6151, Val Acc: 0.1628
Epoch 11/50, Loss: 312.7349, Val Acc: 0.2088
Epoch 12/50, Loss: 312.3153, Val Acc: 0.2786
Epoch 13/50, Loss: 312.1892, Val Acc: 0.2106
Epoch 14/50, Loss: 312.6805, Val Acc: 0.1518
Epoch 15/50, Loss: 312.3918, Val Acc: 0.2836
Epoch 16/50, Loss: 312.6796, Val Acc: 0.2554
Epoch 17/50, Loss: 313.0651, Val Acc: 0.2664
Epoch 18/50, Loss: 312.3190, Val Acc: 0.3196
Epoch 19/50, Loss: 313.2706, Val Acc: 0.2406
Epoch 20/50, Loss: 312.5834, Val Acc: 0.3246
Epoch 21/50, Loss: 311.9055, Val Acc: 0.4486
Epoch 22/50, Loss: 312.3056, Val Acc: 0.4572
Epoch 23/50, Loss: 312.7013, Val Acc: 0.4490
Epoch 24/50, Loss: 312.2175, Val Acc: 0.4254
Epoch 25/50, Loss: 312.2318, Val Acc: 0.4554
Epoch 26/50, Loss: 312.7086, Val Acc: 0.4078
Epoch 27/50, Loss: 312.3412, Val Acc: 0.4218
Epoch 28/50, Loss: 312.3934, Val Acc: 0.4580
Epoch 29/50, Loss: 312.6947, Val Acc: 0.4480
Epoch 30/50, Loss: 312.7947, Val Acc: 0.4748
Epoch 31/50, Loss: 312.8270, Val Acc: 0.3576
Epoch 32/50, Loss: 312.6829, Val Acc: 0.4748
Epoch 33/50, Loss: 312.4912, Val Acc: 0.4668
Epoch 34/50, Loss: 312.8295, Val Acc: 0.4510
Epoch 35/50, Loss: 312.2696, Val Acc: 0.4588
Epoch 36/50, Loss: 312.7351, Val Acc: 0.4422
Epoch 37/50, Loss: 312.6330, Val Acc: 0.3836
Epoch 38/50, Loss: 312.2153, Val Acc: 0.4292
Epoch 39/50, Loss: 312.3130, Val Acc: 0.4594
Epoch 40/50, Loss: 312.9344, Val Acc: 0.4596
Epoch 41/50, Loss: 312.8870, Val Acc: 0.4892
Epoch 42/50, Loss: 312.1933, Val Acc: 0.4918
Epoch 43/50, Loss: 312.4083, Val Acc: 0.4920
Epoch 44/50, Loss: 312.4802, Val Acc: 0.4898
Epoch 45/50, Loss: 312.8641, Val Acc: 0.4924
Epoch 46/50, Loss: 312.2419, Val Acc: 0.4938
Epoch 47/50, Loss: 312.1199, Val Acc: 0.4902
Epoch 48/50, Loss: 313.1316, Val Acc: 0.4894
Epoch 49/50, Loss: 312.5119, Val Acc: 0.4908
Epoch 50/50, Loss: 312.4436, Val Acc: 0.4946
Epoch 1/50, Loss: 313.1628, Val Acc: 0.1432
Epoch 2/50, Loss: 313.1488, Val Acc: 0.1466
Epoch 3/50, Loss: 313.1914, Val Acc: 0.1530
Epoch 4/50, Loss: 313.1338, Val Acc: 0.1694
Epoch 5/50, Loss: 313.1338, Val Acc: 0.1852
Epoch 6/50, Loss: 313.1426, Val Acc: 0.1964
Epoch 7/50, Loss: 313.0623, Val Acc: 0.2064
Epoch 8/50, Loss: 313.1892, Val Acc: 0.2142
Epoch 9/50, Loss: 313.1397, Val Acc: 0.2228
Epoch 10/50, Loss: 313.0736, Val Acc: 0.2328
Epoch 11/50, Loss: 313.1037, Val Acc: 0.2426
Epoch 12/50, Loss: 313.0924, Val Acc: 0.2484
Epoch 13/50, Loss: 313.0174, Val Acc: 0.2530
Epoch 14/50, Loss: 313.1462, Val Acc: 0.2552
Epoch 15/50, Loss: 313.0501, Val Acc: 0.2578
Epoch 16/50, Loss: 313.0799, Val Acc: 0.2614
Epoch 17/50, Loss: 313.1598, Val Acc: 0.2680
Epoch 18/50, Loss: 313.1477, Val Acc: 0.2718
Epoch 19/50, Loss: 313.1069, Val Acc: 0.2756
Epoch 20/50, Loss: 312.8101, Val Acc: 0.2750
Epoch 21/50, Loss: 313.0811, Val Acc: 0.2756
Epoch 22/50, Loss: 312.8359, Val Acc: 0.2756
Epoch 23/50, Loss: 312.9167, Val Acc: 0.2762
Epoch 24/50, Loss: 312.9247, Val Acc: 0.2762
Epoch 25/50, Loss: 313.0198, Val Acc: 0.2762
Epoch 26/50, Loss: 312.9175, Val Acc: 0.2762
Epoch 27/50, Loss: 312.9725, Val Acc: 0.2774
Epoch 28/50, Loss: 312.9962, Val Acc: 0.2778
Epoch 29/50, Loss: 313.0578, Val Acc: 0.2774
Epoch 30/50, Loss: 313.0169, Val Acc: 0.2780
Epoch 31/50, Loss: 313.0650, Val Acc: 0.2778
Epoch 32/50, Loss: 312.9750, Val Acc: 0.2780
Epoch 33/50, Loss: 313.0193, Val Acc: 0.2790
Epoch 34/50, Loss: 313.1350, Val Acc: 0.2792
Epoch 35/50, Loss: 312.9189, Val Acc: 0.2788
Epoch 36/50, Loss: 312.8666, Val Acc: 0.2788
Epoch 37/50, Loss: 313.0998, Val Acc: 0.2792
Epoch 38/50, Loss: 313.0101, Val Acc: 0.2796
Epoch 39/50, Loss: 313.1685, Val Acc: 0.2798
Epoch 40/50, Loss: 313.0777, Val Acc: 0.2804
Epoch 41/50, Loss: 313.1380, Val Acc: 0.2804
Epoch 42/50, Loss: 312.8972, Val Acc: 0.2804
Epoch 43/50, Loss: 313.1699, Val Acc: 0.2804
Epoch 44/50, Loss: 312.7910, Val Acc: 0.2806
Epoch 45/50, Loss: 313.0304, Val Acc: 0.2806
Epoch 46/50, Loss: 313.0817, Val Acc: 0.2806
Epoch 47/50, Loss: 312.9998, Val Acc: 0.2806
Epoch 48/50, Loss: 313.0993, Val Acc: 0.2806
Epoch 49/50, Loss: 313.1088, Val Acc: 0.2806
Epoch 50/50, Loss: 313.0414, Val Acc: 0.2806
Epoch 1/50, Loss: 313.6759, Val Acc: 0.1254
Epoch 2/50, Loss: 313.5785, Val Acc: 0.1228
Epoch 3/50, Loss: 313.6033, Val Acc: 0.1334
Epoch 4/50, Loss: 313.6189, Val Acc: 0.1458
Epoch 5/50, Loss: 313.6576, Val Acc: 0.1656
Epoch 6/50, Loss: 313.6205, Val Acc: 0.1810
Epoch 7/50, Loss: 313.6390, Val Acc: 0.1962
Epoch 8/50, Loss: 313.6240, Val Acc: 0.2090
Epoch 9/50, Loss: 313.5303, Val Acc: 0.2170
Epoch 10/50, Loss: 313.6144, Val Acc: 0.2268
Epoch 11/50, Loss: 313.6171, Val Acc: 0.2320
Epoch 12/50, Loss: 313.6312, Val Acc: 0.2412
Epoch 13/50, Loss: 313.5036, Val Acc: 0.2518
Epoch 14/50, Loss: 313.4209, Val Acc: 0.2530
Epoch 15/50, Loss: 313.5472, Val Acc: 0.2550
Epoch 16/50, Loss: 313.5887, Val Acc: 0.2566
Epoch 17/50, Loss: 313.6360, Val Acc: 0.2622
Epoch 18/50, Loss: 313.4910, Val Acc: 0.2692
Epoch 19/50, Loss: 313.5524, Val Acc: 0.2696
Epoch 20/50, Loss: 313.5968, Val Acc: 0.2754
Epoch 21/50, Loss: 313.3112, Val Acc: 0.2756
Epoch 22/50, Loss: 313.4223, Val Acc: 0.2764
Epoch 23/50, Loss: 313.5343, Val Acc: 0.2768
Epoch 24/50, Loss: 313.5244, Val Acc: 0.2776
Epoch 25/50, Loss: 313.5360, Val Acc: 0.2782
Epoch 26/50, Loss: 313.6249, Val Acc: 0.2786
Epoch 27/50, Loss: 313.5065, Val Acc: 0.2790
Epoch 28/50, Loss: 313.2932, Val Acc: 0.2798
Epoch 29/50, Loss: 313.6340, Val Acc: 0.2804
Epoch 30/50, Loss: 313.7073, Val Acc: 0.2812
Epoch 31/50, Loss: 313.2786, Val Acc: 0.2814
Epoch 32/50, Loss: 313.3965, Val Acc: 0.2814
Epoch 33/50, Loss: 313.3166, Val Acc: 0.2814
Epoch 34/50, Loss: 313.5575, Val Acc: 0.2814
Epoch 35/50, Loss: 313.5110, Val Acc: 0.2812
Epoch 36/50, Loss: 313.3621, Val Acc: 0.2812
Epoch 37/50, Loss: 313.3570, Val Acc: 0.2818
Epoch 38/50, Loss: 313.4084, Val Acc: 0.2824
Epoch 39/50, Loss: 313.1718, Val Acc: 0.2820
Epoch 40/50, Loss: 313.6152, Val Acc: 0.2822
Epoch 41/50, Loss: 313.4934, Val Acc: 0.2822
Epoch 42/50, Loss: 313.6180, Val Acc: 0.2820
Epoch 43/50, Loss: 313.5323, Val Acc: 0.2820
Epoch 44/50, Loss: 313.6281, Val Acc: 0.2820
Epoch 45/50, Loss: 313.5262, Val Acc: 0.2820
Epoch 46/50, Loss: 313.4130, Val Acc: 0.2820
Epoch 47/50, Loss: 313.5390, Val Acc: 0.2820
Epoch 48/50, Loss: 313.5765, Val Acc: 0.2822
Epoch 49/50, Loss: 313.4389, Val Acc: 0.2822
Epoch 50/50, Loss: 313.4170, Val Acc: 0.2822
Epoch 1/50, Loss: 318.3176, Val Acc: 0.1428
Epoch 2/50, Loss: 318.2474, Val Acc: 0.1548
Epoch 3/50, Loss: 318.2545, Val Acc: 0.1632
Epoch 4/50, Loss: 318.1962, Val Acc: 0.1758
Epoch 5/50, Loss: 318.2428, Val Acc: 0.1910
Epoch 6/50, Loss: 318.1407, Val Acc: 0.2008
Epoch 7/50, Loss: 318.1144, Val Acc: 0.2152
Epoch 8/50, Loss: 318.1928, Val Acc: 0.2212
Epoch 9/50, Loss: 318.0198, Val Acc: 0.2274
Epoch 10/50, Loss: 318.2112, Val Acc: 0.2308
Epoch 11/50, Loss: 318.0558, Val Acc: 0.2334
Epoch 12/50, Loss: 318.1445, Val Acc: 0.2388
Epoch 13/50, Loss: 318.0117, Val Acc: 0.2458
Epoch 14/50, Loss: 318.1947, Val Acc: 0.2506
Epoch 15/50, Loss: 318.1178, Val Acc: 0.2572
Epoch 16/50, Loss: 318.0073, Val Acc: 0.2614
Epoch 17/50, Loss: 317.8766, Val Acc: 0.2614
Epoch 18/50, Loss: 318.0180, Val Acc: 0.2654
Epoch 19/50, Loss: 317.9063, Val Acc: 0.2678
Epoch 20/50, Loss: 317.8804, Val Acc: 0.2700
Epoch 21/50, Loss: 317.9463, Val Acc: 0.2714
Epoch 22/50, Loss: 317.9776, Val Acc: 0.2720
Epoch 23/50, Loss: 317.9302, Val Acc: 0.2724
Epoch 24/50, Loss: 318.0092, Val Acc: 0.2718
Epoch 25/50, Loss: 317.7915, Val Acc: 0.2726
Epoch 26/50, Loss: 317.9259, Val Acc: 0.2732
Epoch 27/50, Loss: 318.0147, Val Acc: 0.2726
Epoch 28/50, Loss: 318.1030, Val Acc: 0.2724
Epoch 29/50, Loss: 317.9626, Val Acc: 0.2732
Epoch 30/50, Loss: 318.1164, Val Acc: 0.2740
Epoch 31/50, Loss: 317.8628, Val Acc: 0.2738
Epoch 32/50, Loss: 317.9421, Val Acc: 0.2738
Epoch 33/50, Loss: 317.9591, Val Acc: 0.2742
Epoch 34/50, Loss: 318.2111, Val Acc: 0.2740
Epoch 35/50, Loss: 317.9321, Val Acc: 0.2742
Epoch 36/50, Loss: 317.9625, Val Acc: 0.2744
Epoch 37/50, Loss: 317.9715, Val Acc: 0.2748
Epoch 38/50, Loss: 317.8359, Val Acc: 0.2746
Epoch 39/50, Loss: 317.9613, Val Acc: 0.2748
Epoch 40/50, Loss: 317.9976, Val Acc: 0.2746
Epoch 41/50, Loss: 317.7620, Val Acc: 0.2746
Epoch 42/50, Loss: 317.8884, Val Acc: 0.2746
Epoch 43/50, Loss: 317.8932, Val Acc: 0.2744
Epoch 44/50, Loss: 317.9845, Val Acc: 0.2744
Epoch 45/50, Loss: 317.9482, Val Acc: 0.2746
Epoch 46/50, Loss: 317.9461, Val Acc: 0.2746
Epoch 47/50, Loss: 318.2190, Val Acc: 0.2744
Epoch 48/50, Loss: 317.7475, Val Acc: 0.2744
Epoch 49/50, Loss: 317.8521, Val Acc: 0.2742
Epoch 50/50, Loss: 317.9817, Val Acc: 0.2742